Ano,UF,Valor(US$),Quilograma Liquido
2021 ,AC ,42857409 ,46168885
2021 ,AL ,280207547 ,748770764
2021 ,AP ,272176183 ,1187773361
2021 ,AM ,980101168 ,478627197
2021 ,BA ,9496277741 ,13332308744
2021 ,CE ,2838417092 ,3402867326
2021 ,DF ,117286836 ,61355100
2021 ,ES ,9719986226 ,26738513937
2021 ,Exterior ,1349450 ,7979
2021 ,GO ,8011859791 ,11058385113
2021 ,MA ,4507274188 ,13034731419
2021 ,MT ,20242007740 ,44910464098
2021 ,MS ,4687109331 ,11004909352
2021 ,MG ,34573433223 ,1,35361E+11
2021 ,PA ,29353235439 ,1,93056E+11
2021 ,PB ,184492144 ,406974821
2021 ,PR ,21176647686 ,32492699514
2021 ,PE ,2423577642 ,3121877594
2021 ,PI ,686341325 ,1470427041
2021 ,RJ ,37243334086 ,1,04354E+11
2021 ,RN ,307571058 ,967203254
2021 ,RS ,19610446709 ,26464386236
2021 ,RO ,1565839662 ,1942226794
2021 ,RR ,366331289 ,386208325
2021 ,SC ,12801166514 ,10927535585
2021 ,SP ,57419343322 ,59620182012
2021 ,SE ,100917283 ,111467601
2021 ,TO ,1804989376 ,3700459942
2020 ,AC ,29699528 ,55251307
2020 ,AL ,303798554 ,907555647
2020 ,AP ,300614716 ,658974882
2020 ,AM ,774071032 ,474188576
2020 ,BA ,7663754447 ,14376001354
2020 ,CE ,1849021818 ,3618436725
2020 ,DF ,89273814 ,74255182
2020 ,ES ,5035040484 ,21343686721
2020 ,GO ,7362507102 ,14076421848
2020 ,MA ,3434451641 ,13111106415
2020 ,MT ,16664592739 ,49496919769
2020 ,MS ,4400115798 ,12165646428
2020 ,MG ,24057822539 ,1,1988E+11
2020 ,PA ,20235721095 ,1,99681E+11
2020 ,PB ,111540332 ,128414302
2020 ,PR ,17663968503 ,35476865517
2020 ,PE ,1932109856 ,4090855962
2020 ,PI ,483071009 ,1381977196
2020 ,RJ ,23647291410 ,1,00762E+11
2020 ,RN ,280267613 ,1788431585
2020 ,RS ,13250231890 ,21496742256
2020 ,RO ,1347184693 ,1690326992
2020 ,RR ,179959363 ,227117323
2020 ,SC ,10005131914 ,11792639205
2020 ,SP ,46702064938 ,65247736577
2020 ,SE ,45728587 ,29475041
2020 ,TO ,1331206240 ,3414646457
2019 ,AC ,31663834 ,67009314
2019 ,AL ,229533140 ,706690196
2019 ,AP ,253264981 ,527052309
2019 ,AM ,750483968 ,384740528
2019 ,BA ,7657606180 ,10396705998
2019 ,CE ,2264517725 ,3385629487
2019 ,DF ,93781729 ,81174571
2019 ,ES ,6996459498 ,30748282716
2019 ,GO ,6501713164 ,12355569880
2019 ,MA ,3641918849 ,12054307843
2019 ,MT ,15924233473 ,50077611204
2019 ,MS ,4162147037 ,11622317832
2019 ,MG ,23238872202 ,1,15952E+11
2019 ,PA ,17607675292 ,1,97672E+11
2019 ,PB ,123055064 ,113350774
2019 ,PR ,18196250551 ,33667345645
2019 ,PE ,2177343969 ,3163607673
2019 ,PI ,423915532 ,1120484253
2019 ,RJ ,29783837249 ,99899916871
2019 ,RN ,369331592 ,1148660287
2019 ,RS ,16532220817 ,24773211702
2019 ,RO ,1173912317 ,1562678281
2019 ,RR ,82849357 ,119566121
2019 ,SC ,10271978906 ,11065093979
2019 ,SP ,51515633721 ,52597809454
2019 ,SE ,54083632 ,41349380
2019 ,TO ,1068523868 ,2803988817
2018 ,AC ,45307049 ,78513571
2018 ,AL ,420171027 ,721281846
2018 ,AP ,283590949 ,738013029
2018 ,AM ,670044540 ,111058431
2018 ,BA ,7916081551 ,9693446023
2018 ,CE ,2335805452 ,3246961679
2018 ,DF ,119115827 ,90910261
2018 ,ES ,9008815504 ,41473179783
2018 ,Exterior ,488983 ,19894
2018 ,GO ,5265482692 ,6707248431
2018 ,MA ,3262500886 ,6989369408
2018 ,MT ,10547287126 ,28164398401
2018 ,MS ,3986291946 ,10552863463
2018 ,MG ,23790100007 ,1,49744E+11
2018 ,Não Declarada ,56057 ,7010
2018 ,PA ,15637411859 ,2,09894E+11
2018 ,PB ,130494265 ,167508589
2018 ,PR ,16749430927 ,25135522955
2018 ,PE ,2557435788 ,3238370477
2018 ,PI ,289637141 ,639306166
2018 ,RJ ,31288915966 ,85984802720
2018 ,RN ,261920237 ,968701075
2018 ,RS ,17094924280 ,22908936321
2018 ,RO ,1025488694 ,1172166390
2018 ,RR ,18970436 ,34412412
2018 ,SC ,13913345975 ,20603258431
2018 ,SP ,64453128156 ,74842420061
2018 ,SE ,73531782 ,43318083
2018 ,TO ,743748297 ,1606599323
2017 ,AC ,25613473 ,32130101
2017 ,AL ,605609379 ,987256455
2017 ,AP ,269486731 ,723709362
2017 ,AM ,715288636 ,173732630
2017 ,BA ,7827154714 ,11169515747
2017 ,CE ,2111584076 ,3527974203
2017 ,DF ,100298649 ,97192210
2017 ,ES ,8153865638 ,39470063197
2017 ,Exterior ,825240 ,25078
2017 ,GO ,5533762596 ,9276549610
2017 ,MA ,3015513510 ,8129304473
2017 ,MT ,11825345166 ,35756217875
2017 ,MS ,3514891776 ,11449831574
2017 ,MG ,24958385149 ,1,82004E+11
2017 ,Não Declarada ,48584 ,3955
2017 ,PA ,14330295426 ,1,853E+11
2017 ,PB ,146930351 ,160423618
2017 ,PR ,19356418239 ,32343424547
2017 ,PE ,2092353791 ,2192891855
2017 ,PI ,322515736 ,712213544
2017 ,RJ ,22243227737 ,68564016114
2017 ,RN ,294299967 ,1242079317
2017 ,RS ,16285111541 ,21389840640
2017 ,RO ,1116842734 ,1448637952
2017 ,RR ,50361023 ,71531649
2017 ,SC ,11011431466 ,10346450512
2017 ,SP ,58004969787 ,62627958132
2017 ,SE ,90223006 ,36234878
2017 ,TO ,985454232 ,2509907511
2016 ,AC ,24779970 ,40435769
2016 ,AL ,471013626 ,1196442610
2016 ,AP ,262689801 ,532504326
2016 ,AM ,623573186 ,210186950
2016 ,BA ,6445285712 ,9491539126
2016 ,CE ,1304601422 ,1255381345
2016 ,DF ,120396329 ,134875178
2016 ,ES ,5880256733 ,36310156492
2016 ,Exterior ,10181776 ,77181
2016 ,GO ,4619638891 ,6863254964
2016 ,MA ,2299118099 ,7712597428
2016 ,MT ,10087662444 ,29637578524
2016 ,MS ,2883510093 ,9650279100
2016 ,MG ,21510173787 ,2,03006E+11
2016 ,Não Declarada ,9813 ,2532
2016 ,PA ,10393896340 ,1,67437E+11
2016 ,PB ,133571466 ,124414715
2016 ,PR ,16160050529 ,27415993306
2016 ,PE ,1508668810 ,2362941179
2016 ,PI ,137155074 ,251610219
2016 ,RJ ,16315877161 ,50282414443
2016 ,RN ,271002906 ,1371991851
2016 ,RS ,14733939011 ,19745153815
2016 ,RO ,824427842 ,1012887654
2016 ,RR ,25720065 ,26375239
2016 ,SC ,9557819495 ,8123479008
2016 ,SP ,52118736189 ,59091202748
2016 ,SE ,104817594 ,91460900
2016 ,TO ,697555050 ,1513260559
2015 ,AC ,27791285 ,42174355
2015 ,AL ,754011863 ,1671916961
2015 ,AP ,249186670 ,601519003
2015 ,AM ,849062481 ,139413958
2015 ,BA ,7440206427 ,10678172975
2015 ,CE ,1067517373 ,557276630
2015 ,DF ,159718593 ,178364399
2015 ,ES ,9330464551 ,60533065888
2015 ,Exterior ,596062 ,23301
2015 ,GO ,4373818466 ,6826055150
2015 ,MA ,3138280526 ,9035425092
2015 ,MT ,10992225344 ,30908907869
2015 ,MS ,3167475048 ,10778817304
2015 ,MG ,22152715749 ,1,9741E+11
2015 ,Não Declarada ,13489 ,407
2015 ,PA ,10201883151 ,1,44385E+11
2015 ,PB ,142807556 ,129291135
2015 ,PR ,16413915420 ,29029258754
2015 ,PE ,1132377329 ,1714242405
2015 ,PI ,320535652 ,762209277
2015 ,RJ ,16866041538 ,43472201120
2015 ,RN ,277132629 ,1339404051
2015 ,RS ,15905971217 ,21942096685
2015 ,RO ,825738736 ,1008196653
2015 ,RR ,3394420 ,5688330
2015 ,SC ,9033867079 ,7212565114
2015 ,SP ,50936741335 ,53363647029
2015 ,SE ,92313236 ,57992872
2015 ,TO ,926551838 ,2246766461
2014 ,AC ,19153583 ,27805347
2014 ,AL ,583167295 ,1497379775
2014 ,AP ,422121548 ,3343881556
2014 ,AM ,954435006 ,132179461
2014 ,BA ,8799853932 ,9869561846
2014 ,CE ,1512216611 ,1148173370
2014 ,DF ,154067203 ,141748695
2014 ,ES ,11912308385 ,57053179121
2014 ,Exterior ,644128 ,4875
2014 ,GO ,4980095683 ,5787755361
2014 ,MA ,2662340994 ,6644815140
2014 ,MT ,11378900100 ,24369459391
2014 ,MS ,3803965011 ,12438605821
2014 ,MG ,28916791725 ,1,78356E+11
2014 ,Não Declarada ,4026 ,12
2014 ,PA ,14232019999 ,1,30303E+11
2014 ,PB ,179927064 ,164656344
2014 ,PR ,17724612867 ,25215359459
2014 ,PE ,1047403057 ,1024631095
2014 ,PI ,163282691 ,222117462
2014 ,RJ ,23079780963 ,40986284188
2014 ,RN ,235078096 ,1009142593
2014 ,RS ,17810754042 ,18543533546
2014 ,RO ,1005707342 ,898223225
2014 ,RR ,19049414 ,28327290
2014 ,SC ,11142325735 ,7400699818
2014 ,SP ,57145859170 ,48154404817
2014 ,SE ,74802597 ,36261680
2014 ,TO ,962568571 ,1598193970
2013 ,AC ,18341443 ,26901016
2013 ,AL ,680678045 ,1437943081
2013 ,AP ,435782983 ,2719962592
2013 ,AM ,1121888869 ,146028010
2013 ,BA ,9389043407 ,9680120618
2013 ,CE ,1461449096 ,882455321
2013 ,DF ,125185937 ,97940912
2013 ,ES ,10471989108 ,50472672643
2013 ,Exterior ,182428 ,6760
2013 ,GO ,4692779027 ,6046022942
2013 ,MA ,2440508030 ,5825048920
2013 ,MT ,11773346473 ,26006056919
2013 ,MS ,3712758713 ,10099499767
2013 ,MG ,31157406919 ,1,5844E+11
2013 ,Não Declarada ,9473 ,396
2013 ,PA ,15911501260 ,1,26276E+11
2013 ,PB ,180689813 ,164155330
2013 ,PR ,19332373954 ,26235130450
2013 ,PE ,831091449 ,757402555
2013 ,PI ,68461651 ,56544742
2013 ,RJ ,22955292533 ,51096645056
2013 ,RN ,234836220 ,487018757
2013 ,RS ,20037891196 ,20448068129
2013 ,RO ,911506828 ,770503500
2013 ,RR ,7377624 ,11555427
2013 ,SC ,11363227741 ,6907115394
2013 ,SP ,62456934694 ,51850035985
2013 ,SE ,71599032 ,41432265
2013 ,TO ,700121660 ,969402436
2012 ,AC ,11804475 ,19882316
2012 ,AL ,921957668 ,1596161099
2012 ,AP ,465402608 ,7018942555
2012 ,AM ,997704331 ,120442533
2012 ,BA ,10539693693 ,11426692063
2012 ,CE ,1587284325 ,593280877
2012 ,DF ,116343831 ,102309558
2012 ,ES ,11740245971 ,53400307337
2012 ,Exterior ,258811 ,1635
2012 ,GO ,5073628293 ,6596288972
2012 ,MA ,3113427812 ,9393812929
2012 ,MT ,10343844262 ,20519786062
2012 ,MS ,2938462723 ,8139616394
2012 ,MG ,31449546885 ,1,53506E+11
2012 ,Não Declarada ,2970910 ,1541469
2012 ,PA ,14784227314 ,1,17467E+11
2012 ,PB ,209699520 ,207623383
2012 ,PR ,19758509190 ,25883526328
2012 ,PE ,854396543 ,786382304
2012 ,PI ,95559995 ,94542951
2012 ,RJ ,30208986960 ,60019518655
2012 ,RN ,236903545 ,352853544
2012 ,RS ,16791120572 ,15051750927
2012 ,RO ,812007916 ,726134532
2012 ,RR ,11774277 ,15811766
2012 ,SC ,11134790465 ,6620251360
2012 ,SP ,64965186509 ,45277896811
2012 ,SE ,135607995 ,66976844
2012 ,TO ,651190759 ,927068593
2011 ,AC ,19844302 ,28159521
2011 ,AL ,1235728627 ,1919133415
2011 ,AP ,604359627 ,5785667990
2011 ,AM ,957161035 ,137212925
2011 ,BA ,10432620486 ,10826171673
2011 ,CE ,1791396127 ,747181344
2011 ,DF ,99187110 ,127002697
2011 ,ES ,14992431188 ,57521940994
2011 ,Exterior ,1213507 ,19146
2011 ,GO ,4237687735 ,5042968948
2011 ,MA ,3080214021 ,9651646620
2011 ,MT ,8175236224 ,16519678439
2011 ,MS ,3060104204 ,9072848307
2011 ,MG ,38819952733 ,1,53798E+11
2011 ,Não Declarada ,139848 ,73737
2011 ,PA ,18238116082 ,1,16006E+11
2011 ,PB ,197258223 ,221203954
2011 ,PR ,19519787669 ,23229666476
2011 ,PE ,1154601592 ,1136952868
2011 ,PI ,57013761 ,14354673
2011 ,RJ ,30535215005 ,64647789421
2011 ,RN ,260893074 ,605561299
2011 ,RS ,17911819504 ,17076603650
2011 ,RO ,595939288 ,580936559
2011 ,RR ,10320689 ,11351694
2011 ,SC ,10738746137 ,5964854159
2011 ,SP ,66301046701 ,42567441920
2011 ,SE ,131160172 ,60627050
2011 ,TO ,507114836 ,784540737
2010 ,AC ,20601404 ,28088441
2010 ,AL ,859373825 ,1774530264
2010 ,AP ,349110650 ,4357302180
2010 ,AM ,1259261923 ,134758380
2010 ,BA ,8465544772 ,10319598858
2010 ,CE ,1261556548 ,546817992
2010 ,DF ,44247185 ,64114736
2010 ,ES ,11859442986 ,55421363895
2010 ,Exterior ,5377055 ,15001272
2010 ,GO ,2931267697 ,4189023829
2010 ,MA ,2130871779 ,7779187929
2010 ,MT ,5970824636 ,15594687963
2010 ,MS ,2240759341 ,7231856574
2010 ,MG ,29212219484 ,1,51261E+11
2010 ,Não Declarada ,38841 ,272
2010 ,PA ,13622562122 ,1,09998E+11
2010 ,PB ,212178315 ,155104724
2010 ,PR ,15769318620 ,22311291545
2010 ,PE ,1064353728 ,1212146853
2010 ,PI ,75879928 ,36856610
2010 ,RJ ,21898537937 ,59326960981
2010 ,RN ,265616394 ,892774670
2010 ,RS ,13533676120 ,12988516516
2010 ,RO ,478025789 ,513526284
2010 ,RR ,10420234 ,12846682
2010 ,SC ,9262271925 ,5145443879
2010 ,SP ,57218218091 ,47696126245
2010 ,SE ,70135891 ,36566323
2010 ,TO ,342441606 ,697783889
2009 ,AC ,15613222 ,24190568
2009 ,AL ,741097671 ,1974230447
2009 ,AP ,182120378 ,2789998319
2009 ,AM ,1040889389 ,126316284
2009 ,BA ,6678651690 ,9455375396
2009 ,CE ,1080352869 ,527260001
2009 ,DF ,35553717 ,59381750
2009 ,ES ,6423328313 ,38214133195
2009 ,Exterior ,5484984 ,12012664
2009 ,GO ,2527848566 ,3830924277
2009 ,MA ,1330102978 ,4173020652
2009 ,MT ,5960365020 ,15596960745
2009 ,MS ,1484209964 ,4918768056
2009 ,MG ,18036691502 ,1,34517E+11
2009 ,Não Declarada ,46945 ,14995
2009 ,PA ,8318709673 ,98836174492
2009 ,PB ,163371220 ,108542998
2009 ,PR ,12534510175 ,19412689299
2009 ,PE ,795276547 ,1094617837
2009 ,PI ,114898354 ,173534812
2009 ,RJ ,15838414528 ,55295042110
2009 ,RN ,250424868 ,1055125418
2009 ,RS ,12815258150 ,12253795558
2009 ,RO ,390104520 ,556769550
2009 ,RR ,11820824 ,18238074
2009 ,SC ,7725521743 ,4433539100
2009 ,SP ,46970903328 ,44971660637
2009 ,SE ,53007927 ,260326250
2009 ,TO ,267095121 ,565729434
2008 ,AC ,20764535 ,31001661
2008 ,AL ,889898721 ,2773928616
2008 ,AP ,194378761 ,1092320628
2008 ,AM ,1334893991 ,161374136
2008 ,BA ,9747025811 ,11198796313
2008 ,CE ,1296138466 ,518875789
2008 ,DF ,45198677 ,59384169
2008 ,ES ,10330902976 ,49524713588
2008 ,Exterior ,926500 ,7608
2008 ,GO ,2805139089 ,3664618760
2008 ,MA ,3152485121 ,11033697491
2008 ,MT ,4821748902 ,10655301061
2008 ,MS ,1553324539 ,5647863952
2008 ,MG ,23380358195 ,1,50612E+11
2008 ,PA ,10323825779 ,97016526244
2008 ,PB ,231255502 ,159134225
2008 ,PR ,16004082330 ,19259541426
2008 ,PE ,995657946 ,1261452496
2008 ,PI ,86581105 ,74212369
2008 ,RJ ,18672435084 ,37078545503
2008 ,RN ,333356104 ,619187117
2008 ,RS ,14653666566 ,11923570516
2008 ,RO ,479791098 ,458072896
2008 ,RR ,11984794 ,19553526
2008 ,SC ,9910361678 ,5729831123
2008 ,SP ,64085243907 ,47036589401
2008 ,SE ,105549778 ,592139836
2008 ,TO ,297648222 ,559208945
2007 ,AC ,18981325 ,29135991
2007 ,AL ,701869872 ,2195551780
2007 ,AP ,128007305 ,658008782
2007 ,AM ,1183942986 ,154863185
2007 ,BA ,7686101050 ,10136615319
2007 ,CE ,1174034710 ,518543564
2007 ,DF ,18902086 ,39447494
2007 ,ES ,7077562863 ,51255502208
2007 ,Exterior ,214111 ,6160
2007 ,GO ,2514582573 ,4101057291
2007 ,MA ,2005443551 ,10737230243
2007 ,MT ,3230750453 ,9807798327
2007 ,MS ,811649243 ,3991925849
2007 ,MG ,17676912547 ,1,53467E+11
2007 ,Não Declarada ,11658 ,162
2007 ,PA ,7832873547 ,89560261806
2007 ,PB ,248641762 ,416427511
2007 ,PR ,13124120113 ,21459808757
2007 ,PE ,914659598 ,1335998922
2007 ,PI ,51791565 ,26470867
2007 ,RJ ,14670498321 ,28372711384
2007 ,RN ,357570502 ,1024964679
2007 ,RS ,12363904907 ,12662933600
2007 ,RO ,362888373 ,240978267
2007 ,RR ,9710571 ,21546352
2007 ,SC ,8568341104 ,6653345527
2007 ,SP ,56811833743 ,51129892912
2007 ,SE ,141885846 ,1117313099
2007 ,TO ,128697548 ,349946680
2006 ,AC ,23222349 ,29680134
2006 ,AL ,740704044 ,2331306388
2006 ,AP ,138695667 ,888898920
2006 ,AM ,1541705637 ,126357454
2006 ,BA ,6818247284 ,9692845395
2006 ,CE ,993925419 ,697532327
2006 ,DF ,17498448 ,55583943
2006 ,ES ,6842972579 ,51426783897
2006 ,Exterior ,544884 ,1507100
2006 ,GO ,1586615492 ,3226701956
2006 ,MA ,1668429254 ,9758952910
2006 ,MT ,2819126473 ,9851327249
2006 ,MS ,588726230 ,4448754690
2006 ,MG ,14986532631 ,1,34592E+11
2006 ,Não Declarada ,6318 ,95
2006 ,PA ,6530970108 ,83741276313
2006 ,PB ,222078682 ,517047777
2006 ,PR ,10423310194 ,18816968166
2006 ,PE ,746195506 ,1003850728
2006 ,PI ,43851240 ,31970393
2006 ,RJ ,11934164674 ,24496095828
2006 ,RN ,375595684 ,1206826634
2006 ,RS ,10146650048 ,10888744551
2006 ,RO ,299397509 ,219898187
2006 ,RR ,11389128 ,31005570
2006 ,SC ,6898368219 ,5517869384
2006 ,SP ,50935989218 ,49641117908
2006 ,SE ,87835988 ,531181429
2006 ,TO ,158402302 ,485735768
2005 ,AC ,16863139 ,29742109
2005 ,AL ,559650818 ,2167504368
2005 ,AP ,81587774 ,914764625
2005 ,AM ,2184395961 ,187038738
2005 ,BA ,5908061028 ,10520653919
2005 ,CE ,950354388 ,652891627
2005 ,DF ,22258552 ,26927695
2005 ,ES ,5755792433 ,51062264689
2005 ,Exterior ,112816 ,13542
2005 ,GO ,1382837562 ,3937827260
2005 ,MA ,1622757200 ,12198943343
2005 ,MT ,2965023563 ,10727388710
2005 ,MS ,567944774 ,3488566960
2005 ,MG ,12817177398 ,1,25906E+11
2005 ,Não Declarada ,43966291 ,3437084
2005 ,PA ,4586772811 ,74584979329
2005 ,PB ,226653548 ,515440246
2005 ,PR ,9978063680 ,16142383868
2005 ,PE ,720435113 ,1145975979
2005 ,PI ,61985675 ,124608158
2005 ,RJ ,8961041653 ,20621403033
2005 ,RN ,427310437 ,1471683879
2005 ,RS ,9626651078 ,8378276116
2005 ,RO ,229021620 ,316544992
2005 ,RR ,7705815 ,39255161
2005 ,SC ,6368631754 ,5838011138
2005 ,SP ,42313096416 ,44751557162
2005 ,SE ,65996243 ,517837453
2005 ,TO ,145685867 ,552901610
2004 ,AC ,6529217 ,21282088
2004 ,AL ,431743512 ,2121334341
2004 ,AP ,47589028 ,806344067
2004 ,AM ,1158862171 ,197718805
2004 ,BA ,4074719535 ,8197704414
2004 ,CE ,843701110 ,422305687
2004 ,DF ,24445333 ,16559050
2004 ,ES ,4612010312 ,52403201448
2004 ,Exterior ,145177 ,44526
2004 ,GO ,1065123542 ,2742965421
2004 ,MA ,1314655677 ,13122249157
2004 ,MT ,1743755512 ,5360888440
2004 ,MS ,383025366 ,2726526470
2004 ,MG ,9478947251 ,1,13222E+11
2004 ,PA ,3671996261 ,70889688660
2004 ,PB ,204645673 ,445327912
2004 ,PR ,9234623219 ,19920665627
2004 ,PE ,484937236 ,917376285
2004 ,PI ,67811223 ,128372360
2004 ,RJ ,5689991581 ,16715457138
2004 ,RN ,616249397 ,2208321083
2004 ,RS ,9124901831 ,11217294021
2004 ,RO ,153889222 ,243723580
2004 ,RR ,5673926 ,18225577
2004 ,SC ,5514234614 ,5743347322
2004 ,SP ,35004152856 ,45055527681
2004 ,SE ,47690987 ,401658351
2004 ,TO ,115621600 ,369964886
2003 ,AC ,3704020 ,8197822
2003 ,AL ,332152422 ,1860052131
2003 ,AP ,19880004 ,398407971
2003 ,AM ,1280975623 ,213637432
2003 ,BA ,3187686861 ,7128796262
2003 ,CE ,739102654 ,528852913
2003 ,DF ,6003012 ,6284308
2003 ,ES ,3744085612 ,47137620539
2003 ,Exterior ,48919 ,18038
2003 ,GO ,637252807 ,1956461440
2003 ,MA ,812158534 ,6178817540
2003 ,MT ,1111117954 ,4234776342
2003 ,MS ,277769823 ,2725275050
2003 ,MG ,7032576998 ,91956458003
2003 ,PA ,2615474600 ,55306416607
2003 ,PB ,165421126 ,240237847
2003 ,PR ,6517427990 ,15798013605
2003 ,PE ,451141447 ,841183842
2003 ,PI ,41114874 ,35449058
2003 ,RJ ,4362909804 ,22015788059
2003 ,RN ,311632630 ,1154199797
2003 ,RS ,7494300831 ,11438867057
2003 ,RO ,145277459 ,198252965
2003 ,RR ,3221603 ,12517464
2003 ,SC ,4304318761 ,5434592452
2003 ,SP ,27094877832 ,43675986316
2003 ,SE ,35617933 ,307494592
2003 ,TO ,49494557 ,208647181
2002 ,AC ,3643694 ,6875721
2002 ,AL ,271893048 ,1582470702
2002 ,AP ,16343003 ,280012019
2002 ,AM ,1040692151 ,168589905
2002 ,BA ,2309066974 ,6240432807
2002 ,CE ,509674519 ,290780927
2002 ,DF ,4025818 ,11356738
2002 ,ES ,3164912545 ,44611052289
2002 ,Exterior ,427398 ,47829
2002 ,GO ,483514663 ,1305500231
2002 ,MA ,714180528 ,3797132804
2002 ,MT ,880719414 ,3847656025
2002 ,MS ,191182001 ,2096609987
2002 ,MG ,5543065804 ,83182326794
2002 ,PA ,2219949140 ,55864184557
2002 ,PB ,120061159 ,266744337
2002 ,PR ,5141392749 ,14170805501
2002 ,PE ,314413775 ,580587392
2002 ,PI ,36297747 ,22932823
2002 ,RJ ,4202883677 ,24641923819
2002 ,RN ,214351904 ,643149210
2002 ,RS ,6057019552 ,8672529917
2002 ,RO ,105687978 ,164638336
2002 ,RR ,5688549 ,27497555
2002 ,SC ,3560910298 ,4766306401
2002 ,SP ,22991858820 ,38059625097
2002 ,SE ,35802943 ,123522338
2002 ,TO ,7498252 ,36513872
2001 ,AC ,5710356 ,3895502
2001 ,AL ,259749830 ,1289384658
2001 ,AP ,28997761 ,375407451
2001 ,AM ,859083777 ,157441135
2001 ,BA ,2066727477 ,6950745476
2001 ,CE ,522026636 ,764831153
2001 ,DF ,2841252 ,8691414
2001 ,ES ,2951918727 ,41034814787
2001 ,Exterior ,50868 ,8737
2001 ,GO ,451516478 ,1309780167
2001 ,MA ,571050051 ,3292526077
2001 ,MT ,868657922 ,3990639729
2001 ,MS ,158439868 ,1678045296
2001 ,MG ,5211337978 ,66761500576
2001 ,PA ,2224357175 ,54118521006
2001 ,PB ,105367690 ,108312282
2001 ,PR ,5191784689 ,14243599753
2001 ,PE ,301581404 ,605447652
2001 ,PI ,33889239 ,16621357
2001 ,RJ ,3278147507 ,29127698032
2001 ,RN ,176026396 ,684342146
2001 ,RS ,5927110570 ,8873893058
2001 ,RO ,72556850 ,123039144
2001 ,RR ,4828922 ,22941201
2001 ,SC ,3212394805 ,4289229704
2001 ,SP ,23521196395 ,32696304599
2001 ,SE ,21096001 ,12747873
2001 ,TO ,3847619 ,5340920
2000 ,AC ,409754 ,2327850
2000 ,AL ,199210023 ,906857849
2000 ,AP ,35246759 ,488613075
2000 ,AM ,778557812 ,167269839
2000 ,BA ,1905000000 ,4616532417
2000 ,CE ,502543924 ,229705207
2000 ,DF ,3071578 ,4169762
2000 ,ES ,3333499315 ,45592878355
2000 ,Exterior ,31012 ,630
2000 ,GO ,329462206 ,979512949
2000 ,MA ,733487382 ,3172371729
2000 ,MT ,608942300 ,2644870136
2000 ,MS ,199410757 ,2194792089
2000 ,MG ,5862635215 ,64459960963
2000 ,Não Declarada ,162616 ,145002
2000 ,PA ,2381795994 ,50311783291
2000 ,PB ,79719901 ,89222782
2000 ,PR ,4392106513 ,9770771759
2000 ,PE ,293685161 ,436150756
2000 ,PI ,52661721 ,18284701
2000 ,RJ ,2701668840 ,25368838808
2000 ,RN ,146943704 ,801680129
2000 ,RS ,5461261314 ,6214010220
2000 ,RO ,67777627 ,127132087
2000 ,RR ,4004208 ,24089875
2000 ,SC ,2788836405 ,3861404182
2000 ,SP ,22096349356 ,22008157200
2000 ,SE ,30272619 ,44736895
2000 ,TO ,4405632 ,1130740
1999 ,AC ,1397291 ,7692177
1999 ,AL ,189851459 ,961507474
1999 ,AP ,42432196 ,593736241
1999 ,AM ,441946522 ,144421179
1999 ,BA ,1578595051 ,4644932625
1999 ,CE ,402031673 ,205482308
1999 ,DF ,3047684 ,1944665
1999 ,ES ,3052064117 ,41095081318
1999 ,Exterior ,43780 ,3700
1999 ,GO ,231809771 ,641075795
1999 ,MA ,632654483 ,2052689193
1999 ,MT ,375647913 ,1672272144
1999 ,MS ,154369195 ,1796752414
1999 ,MG ,5999447610 ,61945475832
1999 ,Não Declarada ,49429 ,22692
1999 ,PA ,2082042893 ,47465633702
1999 ,PB ,58893083 ,68055201
1999 ,PR ,3788936535 ,10488668199
1999 ,PE ,256976416 ,563316533
1999 ,PI ,44812502 ,18876526
1999 ,RJ ,2490608429 ,19988929335
1999 ,RN ,101314503 ,553469132
1999 ,RS ,4641434905 ,5354343024
1999 ,RO ,65391744 ,133067487
1999 ,RR ,2312329 ,18124617
1999 ,SC ,2730923414 ,4301314473
1999 ,SP ,18551366971 ,23774204293
1999 ,SE ,19989526 ,51221986
1999 ,TO ,5517886 ,1233118
1998 ,AC ,1411278 ,2646492
1998 ,AL ,254712143 ,962405073
1998 ,AP ,58168096 ,850014183
1998 ,AM ,263686423 ,128423340
1998 ,BA ,1819776926 ,5337286171
1998 ,CE ,434052782 ,338456513
1998 ,DF ,13865774 ,43654515
1998 ,ES ,3486509530 ,39207453258
1998 ,GO ,210558369 ,477125139
1998 ,MA ,618750784 ,2341834491
1998 ,MT ,319316952 ,1139848666
1998 ,MS ,246221548 ,2390539254
1998 ,MG ,6831257402 ,67765451925
1998 ,Não Declarada ,26086 ,24388
1998 ,PA ,1938597510 ,48179035021
1998 ,PB ,68967530 ,90139824
1998 ,PR ,4131747953 ,9782225263
1998 ,PE ,327525085 ,660381819
1998 ,PI ,62513093 ,51656008
1998 ,RJ ,3185022540 ,23681933444
1998 ,RN ,81067829 ,336090532
1998 ,RS ,5068259823 ,5432663713
1998 ,RO ,35193877 ,60760390
1998 ,RR ,1876961 ,9745460
1998 ,SC ,2667652362 ,3437718027
1998 ,SP ,18906713727 ,17374375210
1998 ,SE ,29204495 ,46530613
1998 ,TO ,13946671 ,24623814
1997 ,AC ,213876 ,1187771
1997 ,AL ,316804697 ,1061990796
1997 ,AP ,49221101 ,700963785
1997 ,AM ,198738603 ,126872495
1997 ,BA ,1871885377 ,4041628735
1997 ,CE ,427025765 ,292047579
1997 ,DF ,11931927 ,26596403
1997 ,ES ,3245086091 ,37327473997
1997 ,Exterior ,405000 ,9700
1997 ,GO ,303279619 ,657110942
1997 ,MA ,723523391 ,1882613457
1997 ,MT ,632547823 ,1964683119
1997 ,MS ,403952174 ,2706621065
1997 ,MG ,6955011103 ,63260106448
1997 ,PA ,1703651958 ,47311493533
1997 ,PB ,94250599 ,135875843
1997 ,PR ,4458590183 ,8501202224
1997 ,PE ,324081240 ,677325099
1997 ,PI ,65008504 ,22257954
1997 ,RJ ,3733118388 ,12718591437
1997 ,RN ,72398258 ,181598548
1997 ,RS ,5730933755 ,5494470227
1997 ,RO ,28111483 ,50001874
1997 ,RR ,2694117 ,4801632
1997 ,SC ,2787827069 ,3083451343
1997 ,SP ,18762115800 ,16487655764
1997 ,SE ,33087832 ,88437264
1997 ,TO ,11999799 ,10757906
